{
  "project_info": {
    "project_number": "975790321687",
    "firebase_url": "https://mappushnotify.firebaseio.com",
    "project_id": "mappushnotify",
    "storage_bucket": "mappushnotify.appspot.com"
  },
  "client": [
    {
      "client_info": {
        "mobilesdk_app_id": "1:975790321687:android:26c480c404a80f60",
        "android_client_info": {
          "package_name": "com.mymap"
        }
      },
      "oauth_client": [
        {
          "client_id": "975790321687-i949ut67c1avsbbuk6into80hrvq970v.apps.googleusercontent.com",
          "client_type": 3
        }
      ],
      "api_key": [
        {
          "current_key": "AIzaSyB7lM3_5KTQSCaFf---BgIB48WBJ0Sqqpg"
        }
      ],
      "services": {
        "analytics_service": {
          "status": 1
        },
        "appinvite_service": {
          "status": 1,
          "other_platform_oauth_client": []
        },
        "ads_service": {
          "status": 2
        }
      }
    }
  ],
  "configuration_version": "1"
}